Name	title	coding
t3_z5mrsy	r/mcgill Index  general information
t3_16klpvf	Study Tips Megathread!  general information
t3_17svkv9	Lack of Goth Girls  misc
t3_17t3uu0	How much better of an experience does McGill provide than Concordia?    admissions
t3_17sxexy	Is Soci254 recorded?    classes
t3_17suflu	Wrote exam with accommodations/worried for aftermath    classes
t3_17si7kl	Is securing a lab position that difficult?  question
t3_17skttl	For anyone who wanted a follow up on the math 141 midterm   classes
t3_17sbfgk	authentificator app keeps asking for authentification when logging to mycourses question
t3_17s7p14	Good spots for chalkboards or dry erase boards on campus?   question
t3_17rgnmt	Idk how this poster helps the cause     question
t3_17rqu2f	At least they are upfront that this position is going to be an internal hire    general information
t3_17rwoej	REAL TALK FRIDAY    general information
t3_17re5hz	Regrade on Midterms     question
t3_17rhf7d	Need tips for the exchange program!     question
t3_17rgump	Econ 295 article discussion     classes
t3_17s59jw	Why is this subreddit so blatantly anti palestinian     social
t3_17qtgen	calling all psych students  social
t3_17qr4rn	CAQ's War on English Education  social
t3_17r1sbx	To anyone that passed Math 141  classes
t3_17qpka3	GameDev McGill Charity Livestream (Extra Life)  social
t3_17r3ja6	Taking MATH 242 at very last semester   classes
t3_17r38yc	Math 222 HELP PLEASE    classes
t3_17qwede	Interesting Dance Talk on McGill honourary degree recipient (and centenarian) Francoise Sullivan!   announcement
t3_17qu41b	ðŸŒ½ Introducing the McGill AI Society Kernel, our brand-new project incubator!   announcement
t3_17qm0gz	National Student Clearinghouse (NSC)    announcement
t3_17qcdoh	Anyone thinking of transferring if the tuition hikes go through?    quesion
